Timestamp_Sec, Timestamp_Nsec, Formatted_Time, Radar_Epoch_Time, Obj_ID, Dist_X, Dist_Y, RCS, Range, Dynamicproperty, Orientation, Objectsize, objectscore
1810,617276680,2024-02-27 16:53:38.617276680,1709033018617276680,11,53.5966,0.265511,1.99591,53.5973,0,2.70794,8.07753,0.51
1810,694222920,2024-02-27 16:53:38.694222920,1709033018694222920,11,53.441,0.0732444,1.51982,53.441,0,3.02817,8.43893,0.56
1810,769201400,2024-02-27 16:53:38.769201400,1709033018769201400,11,53.3586,-0.228889,3.48216,53.3591,0,-3.05463,10.1408,0.6
1810,843940820,2024-02-27 16:53:38.843940820,1709033018843940820,11,53.2487,-0.228889,3.88806,53.2492,0,-2.9648,10.4306,0.65
1810,919846480,2024-02-27 16:53:38.919846480,1709033018919846480,11,53.4135,0.155644,3.92773,53.4137,0,3.10056,10.4691,0.7
1810,919846480,2024-02-27 16:53:38.919846480,1709033018919846480,19,28.3822,-0.210578,21.2104,28.383,0,1.75023,1.65773,0.51
1810,998418840,2024-02-27 16:53:38.998418840,1709033018998418840,11,53.1388,-0.357067,5.50859,53.14,0,3.03651,10.7784,0.73
1810,998418840,2024-02-27 16:53:38.998418840,1709033018998418840,19,28.1625,-0.338755,21.3691,28.1645,0,1.89213,2.03152,0.56
1811,72861660,2024-02-27 16:53:38.72861660,1709033018072861660,11,52.9649,-0.5768,7.00705,52.968,0,3.01877,10.8831,0.65
1811,72861660,2024-02-27 16:53:38.72861660,1709033018072861660,19,27.9702,-0.201422,21.5094,27.9709,0,2.03077,2.97717,0.6
1811,72861660,2024-02-27 16:53:38.72861660,1709033018072861660,24,22.6508,1.72124,20.9082,22.7161,0,3.13958,4.04518,0.56
1811,147263040,2024-02-27 16:53:39.147263040,1709033019147263040,11,52.7451,-0.805689,8.30409,52.7513,0,3.03632,10.9434,0.58
1811,147263040,2024-02-27 16:53:39.147263040,1709033019147263040,19,27.7688,-0.183111,21.5339,27.7694,0,2.22904,3.17728,0.64
1811,147263040,2024-02-27 16:53:39.147263040,1709033019147263040,24,22.4769,1.68462,21.3721,22.5399,0,-3.13133,4.55904,0.6
1811,147263040,2024-02-27 16:53:39.147263040,1709033019147263040,34,58.1286,-0.192267,11.1698,58.1289,0,2.36806,8.41368,0.51
1811,221865800,2024-02-27 16:53:39.221865800,1709033019221865800,11,52.6902,-1.06204,9.3112,52.7009,0,3.0996,11.1321,0.53
1811,221865800,2024-02-27 16:53:39.221865800,1709033019221865800,30,65.5812,0.943022,9.66216,65.588,0,1.91964,8.44072,0.55
1811,221865800,2024-02-27 16:53:39.221865800,1709033019221865800,19,27.5857,-0.393689,21.6681,27.5885,0,2.5439,3.78332,0.72
1811,221865800,2024-02-27 16:53:39.221865800,1709033019221865800,24,22.2755,1.61138,21.7627,22.3337,0,-3.11666,5.00137,0.65
1811,297112840,2024-02-27 16:53:39.297112840,1709033019297112840,30,65.4439,0.970489,9.21049,65.4511,0,1.98743,8.8888,0.59
1811,297112840,2024-02-27 16:53:39.297112840,1709033019297112840,19,27.2835,-1.17191,20.5176,27.3087,0,2.93622,3.84807,0.76
1811,297112840,2024-02-27 16:53:39.297112840,1709033019297112840,27,38.4716,1.59307,3.2136,38.5046,0,-2.35665,9.63449,0.66
1811,297112840,2024-02-27 16:53:39.297112840,1709033019297112840,24,22.1473,1.50151,22.5135,22.1981,0,-3.07994,5.20998,0.72
1811,381367380,2024-02-27 16:53:39.381367380,1709033019381367380,30,65.2516,0.805689,9.43632,65.2566,0,2.15128,8.88155,0.63
1811,381367380,2024-02-27 16:53:39.381367380,1709033019381367380,19,27.0638,-1.32756,19.8157,27.0964,0,-3.07294,4.33311,0.88
1811,381367380,2024-02-27 16:53:39.381367380,1709033019381367380,24,21.955,1.33671,23.0781,21.9957,0,-3.01532,5.47813,0.84
1811,455770320,2024-02-27 16:53:39.455770320,1709033019455770320,30,64.9861,0.531022,9.83917,64.9883,0,2.41983,8.86875,0.68
1811,455770320,2024-02-27 16:53:39.455770320,1709033019455770320,45,74.105,1.236,5.38957,74.1153,0,-2.67333,11.2371,0.51
1811,455770320,2024-02-27 16:53:39.455770320,1709033019455770320,24,21.7536,1.47404,22.7729,21.8035,0,-3.04917,5.63573,0.92
1811,529105180,2024-02-27 16:53:39.529105180,1709033019529105180,30,64.6199,0.347911,9.99786,64.6208,0,2.69116,9.1142,0.71
1811,529105180,2024-02-27 16:53:39.529105180,1709033019529105180,45,73.6198,0.997955,5.15763,73.6266,0,-2.60526,11.2374,0.56
1811,529105180,2024-02-27 16:53:39.529105180,1709033019529105180,24,21.6346,1.4008,22.7546,21.6799,0,-3.06173,6.79729,0.96
1811,604214980,2024-02-27 16:53:39.604214980,1709033019604214980,30,64.2994,0.128178,10.5655,64.2996,0,2.93968,9.09898,0.73
1811,604214980,2024-02-27 16:53:39.604214980,1709033019604214980,45,73.1712,1.09867,5.75274,73.1794,0,-2.60929,11.219,0.6
1811,604214980,2024-02-27 16:53:39.604214980,1709033019604214980,19,26.368,-1.76702,20.1544,26.4271,0,-2.6275,4.71003,0.99
1811,604214980,2024-02-27 16:53:39.604214980,1709033019604214980,24,21.3599,1.62053,22.1137,21.4213,0,3.13795,6.77892,0.98
1811,681143080,2024-02-27 16:53:39.681143080,1709033019681143080,30,63.9241,0.320444,10.8676,63.9249,0,3.07659,9.61725,0.77
1811,681143080,2024-02-27 16:53:39.681143080,1709033019681143080,45,72.8416,1.16276,5.92975,72.8509,0,-2.66288,11.1969,0.64
1811,681143080,2024-02-27 16:53:39.681143080,1709033019681143080,19,26.075,-1.5656,20.5573,26.122,0,-2.64006,4.85442,1
1811,681143080,2024-02-27 16:53:39.681143080,1709033019681143080,24,21.1035,1.55644,21.9337,21.1609,0,3.09596,7.03434,0.99
1811,759663020,2024-02-27 16:53:39.759663020,1709033019759663020,30,63.6219,0.311289,10.9195,63.6227,0,-3.10804,10.007,0.78
1811,759663020,2024-02-27 16:53:39.759663020,1709033019759663020,45,72.4754,0.924711,6.04572,72.4813,0,-2.67937,11.2387,0.7
1811,759663020,2024-02-27 16:53:39.759663020,1709033019759663020,19,25.8278,-1.54729,21.1768,25.8741,0,-2.68091,4.86558,1
1811,759663020,2024-02-27 16:53:39.759663020,1709033019759663020,24,20.8838,1.33671,22.1656,20.9266,0,3.11302,7.0932,1
1811,759663020,2024-02-27 16:53:39.759663020,1709033019759663020,55,59.9689,-0.1648,19.6142,59.9691,0,2.64869,3.22339,0.51
1811,838635660,2024-02-27 16:53:39.838635660,1709033019838635660,30,63.4297,0.173956,10.0497,63.4299,0,-3.01619,11.2398,0.79
1811,838635660,2024-02-27 16:53:39.838635660,1709033019838635660,45,71.8528,0.897244,6.53401,71.8584,0,-2.71369,11.2413,0.74
1811,838635660,2024-02-27 16:53:39.838635660,1709033019838635660,19,25.5898,-1.67547,21.6376,25.6446,0,-2.71331,4.88146,1
1811,838635660,2024-02-27 16:53:39.838635660,1709033019838635660,24,20.6183,1.17191,22.1809,20.6516,0,-3.13153,7.14951,1
1811,838635660,2024-02-27 16:53:39.838635660,1709033019838635660,34,56.7919,-0.833155,19.0374,56.798,0,-2.87007,10.1156,0.54
1811,838635660,2024-02-27 16:53:39.838635660,1709033019838635660,55,59.5935,-0.3296,20.0995,59.5944,0,2.73834,4.58163,0.56
1811,916924820,2024-02-27 16:53:39.916924820,1709033019916924820,30,63.1001,0.0457778,9.75066,63.1001,0,-2.93517,11.2364,0.79
1811,916924820,2024-02-27 16:53:39.916924820,1709033019916924820,45,71.2394,0.7416,6.49739,71.2432,0,-2.73603,11.2177,0.76
1811,916924820,2024-02-27 16:53:39.916924820,1709033019916924820,19,25.3334,-1.66631,21.8421,25.3882,0,-2.75981,4.87414,1
1811,916924820,2024-02-27 16:53:39.916924820,1709033019916924820,24,20.3894,1.02542,22.2846,20.4152,0,-3.08598,7.17531,1
1811,916924820,2024-02-27 16:53:39.916924820,1709033019916924820,34,56.4715,-0.558489,19.3579,56.4742,0,-2.98723,10.5949,0.59
1811,916924820,2024-02-27 16:53:39.916924820,1709033019916924820,26,47.6821,-1.79449,15.6194,47.7159,0,2.695,5.86378,0.9
1811,916924820,2024-02-27 16:53:39.916924820,1709033019916924820,55,59.328,-0.604266,20.2582,59.3311,0,2.8996,4.66715,0.6
1811,991081660,2024-02-27 16:53:39.991081660,1709033019991081660,30,62.8437,-0.0824,8.36207,62.8438,0,-2.86508,11.2383,0.79
1811,991081660,2024-02-27 16:53:39.991081660,1709033019991081660,45,70.8731,0.503555,6.06708,70.8749,0,-2.73517,11.2241,0.78
1811,991081660,2024-02-27 16:53:39.991081660,1709033019991081660,19,25.0496,-1.65716,21.9184,25.1043,0,-2.81168,4.8675,1
1811,991081660,2024-02-27 16:53:39.991081660,1709033019991081660,50,67.2201,-1.78533,1.74261,67.2438,0,3.11686,5.74634,0.56
1811,991081660,2024-02-27 16:53:39.991081660,1709033019991081660,24,20.1147,1.11698,21.8848,20.1457,0,-3.07793,7.15037,1
1811,991081660,2024-02-27 16:53:39.991081660,1709033019991081660,34,56.1785,-0.228889,19.3213,56.1789,0,-3.11897,10.6629,0.63
1811,991081660,2024-02-27 16:53:39.991081660,1709033019991081660,55,58.9709,-0.567644,20.0873,58.9736,0,3.00804,4.65849,0.64
1812,71217760,2024-02-27 16:53:40.71217760,1709033020071217760,30,62.569,0.0549333,8.90835,62.5691,0,-2.84313,11.2383,0.8
1812,71217760,2024-02-27 16:53:40.71217760,1709033020071217760,45,70.3238,0.622578,6.73544,70.3266,0,-2.77256,11.2356,0.79
1812,71217760,2024-02-27 16:53:40.71217760,1709033020071217760,19,24.7841,-1.51067,21.7841,24.8301,0,-2.88531,5.46095,1
1812,71217760,2024-02-27 16:53:40.71217760,1709033020071217760,50,66.9179,-1.52898,2.16376,66.9354,0,2.95137,7.19724,0.6
1812,71217760,2024-02-27 16:53:40.71217760,1709033020071217760,24,19.8401,1.08036,21.8574,19.8695,0,-3.07448,7.12871,1
1812,71217760,2024-02-27 16:53:40.71217760,1709033020071217760,34,55.9679,0.0732444,19.6234,55.9679,0,3.03814,10.6584,0.7
1812,71217760,2024-02-27 16:53:40.71217760,1709033020071217760,55,58.5772,-0.540178,20.2734,58.5797,0,3.07716,4.68112,0.68
1812,151871120,2024-02-27 16:53:40.151871120,1709033020151871120,30,62.1296,-0.00915555,10.9897,62.1296,0,-2.82568,11.2363,0.9
1812,151871120,2024-02-27 16:53:40.151871120,1709033020151871120,45,69.9484,0.412,7.23594,69.9496,0,-2.78771,11.2392,0.79
1812,151871120,2024-02-27 16:53:40.151871120,1709033020151871120,19,24.4545,-1.54729,21.8696,24.5034,0,-2.94409,5.44865,1
1812,151871120,2024-02-27 16:53:40.151871120,1709033020151871120,50,66.6341,-0.888089,2.88705,66.64,0,2.7623,7.81899,0.65
1812,151871120,2024-02-27 16:53:40.151871120,1709033020151871120,24,19.5746,1.14444,21.8604,19.608,0,-3.08713,7.1013,1
1812,151871120,2024-02-27 16:53:40.151871120,1709033020151871120,34,55.5651,0.128178,20.0964,55.5652,0,2.95041,11.1003,0.81
1812,151871120,2024-02-27 16:53:40.151871120,1709033020151871120,55,58.211,-0.650044,20.6519,58.2146,0,-3.13411,5.65221,0.71
1812,229310900,2024-02-27 16:53:40.229310900,1709033020229310900,30,61.7176,0.119022,12.5584,61.7177,0,-2.83546,11.2365,0.95
1812,229310900,2024-02-27 16:53:40.229310900,1709033020229310900,45,69.1977,0.274667,6.89108,69.1982,0,-2.79912,11.245,0.8
1812,229310900,2024-02-27 16:53:40.229310900,1709033020229310900,19,24.134,-1.65716,22.1137,24.1909,0,-2.98081,5.44478,1
1812,229310900,2024-02-27 16:53:40.229310900,1709033020229310900,50,66.2221,-0.412,3.19529,66.2234,0,2.60315,8.01038,0.7
1812,229310900,2024-02-27 16:53:40.229310900,1709033020229310900,46,43.3332,-1.65716,4.7029,43.3649,0,2.32549,4.33878,0.56
1812,229310900,2024-02-27 16:53:40.229310900,1709033020229310900,24,19.2816,1.19022,21.9916,19.3183,0,-3.10708,7.08524,1
1812,229310900,2024-02-27 16:53:40.229310900,1709033020229310900,34,55.3545,0.5768,20.3009,55.3575,0,2.85492,11.1337,0.9
1812,229310900,2024-02-27 16:53:40.229310900,1709033020229310900,55,57.8448,-0.4944,20.7709,57.8469,0,-3.1135,6.14542,0.74
1812,303874800,2024-02-27 16:53:40.303874800,1709033020303874800,30,61.4154,0.430311,13.6601,61.417,0,-2.881,11.2377,0.97
1812,303874800,2024-02-27 16:53:40.303874800,1709033020303874800,45,68.5385,0.412,6.79647,68.5397,0,-2.83881,11.2409,0.9
1812,303874800,2024-02-27 16:53:40.303874800,1709033020303874800,50,65.9291,0.320444,3.65307,65.9299,0,2.46096,9.10762,0.73
1812,303874800,2024-02-27 16:53:40.303874800,1709033020303874800,46,43.2691,-1.02542,3.31736,43.2813,0,2.30679,4.42242,0.6
1812,303874800,2024-02-27 16:53:40.303874800,1709033020303874800,24,18.9611,1.22684,21.839,19.0008,0,-3.12913,7.06485,1
1812,303874800,2024-02-27 16:53:40.303874800,1709033020303874800,34,54.9883,0.677511,20.2399,54.9924,0,2.78771,11.1188,0.95
1812,303874800,2024-02-27 16:53:40.303874800,1709033020303874800,55,57.3962,-0.119022,20.6427,57.3963,0,3.12395,6.54303,0.76
1812,379017960,2024-02-27 16:53:40.379017960,1709033020379017960,30,60.9943,0.512711,13.8798,60.9964,0,-2.92386,11.2404,0.99
1812,379017960,2024-02-27 16:53:40.379017960,1709033020379017960,45,67.9617,0.283822,7.09555,67.9623,0,-2.86585,11.2436,0.95
1812,379017960,2024-02-27 16:53:40.379017960,1709033020379017960,19,23.5664,-1.75787,21.0395,23.6319,0,-3.01858,6.21239,1
1812,379017960,2024-02-27 16:53:40.379017960,1709033020379017960,50,65.6819,0.585955,4.42518,65.6846,0,2.36509,9.4825,0.75
1812,379017960,2024-02-27 16:53:40.379017960,1709033020379017960,46,42.9579,-0.631733,3.31736,42.9625,0,2.28887,4.42337,0.6
1812,379017960,2024-02-27 16:53:40.379017960,1709033020379017960,24,18.6224,1.27262,21.1615,18.6658,0,3.13181,7.05617,1
1812,379017960,2024-02-27 16:53:40.379017960,1709033020379017960,34,54.7594,0.686666,20.3803,54.7637,0,2.74974,11.0852,0.97
1812,379017960,2024-02-27 16:53:40.379017960,1709033020379017960,55,57.0208,-0.192267,20.7221,57.0211,0,3.10995,7.61939,0.78
1812,460040360,2024-02-27 16:53:40.460040360,1709033020460040360,30,60.564,0.650044,14.3895,60.5675,0,-2.9693,11.221,1
1812,460040360,2024-02-27 16:53:40.460040360,1709033020460040360,45,67.2658,0.686666,7.48619,67.2693,0,-2.93872,11.2157,0.97
1812,460040360,2024-02-27 16:53:40.460040360,1709033020460040360,19,23.1819,-1.52898,20.8075,23.2322,0,-3.06863,6.21563,1
1812,460040360,2024-02-27 16:53:40.460040360,1709033020460040360,50,65.334,0.979644,5.21561,65.3414,0,2.31178,9.46519,0.79
1812,460040360,2024-02-27 16:53:40.460040360,1709033020460040360,46,42.6008,-0.173956,3.31736,42.6011,0,2.2718,4.42366,0.55
1812,460040360,2024-02-27 16:53:40.460040360,1709033020460040360,24,18.2836,1.22684,21.601,18.3248,0,3.11954,7.04533,1
1812,460040360,2024-02-27 16:53:40.460040360,1709033020460040360,34,54.4389,0.549333,19.9164,54.4417,0,2.74591,11.1362,0.99
1812,460040360,2024-02-27 16:53:40.460040360,1709033020460040360,55,56.5447,-0.3296,20.2063,56.5457,0,3.12472,7.62929,0.79
1812,541118720,2024-02-27 16:53:40.541118720,1709033020541118720,30,60.097,0.979644,14.4169,60.105,0,-3.03258,11.2053,1
1812,541118720,2024-02-27 16:53:40.541118720,1709033020541118720,45,66.5151,0.842311,8.54823,66.5204,0,-3.01264,11.2357,0.99
1812,541118720,2024-02-27 16:53:40.541118720,1709033020541118720,19,22.8156,-1.66631,20.0507,22.8764,0,-3.09548,6.20714,1
1812,541118720,2024-02-27 16:53:40.541118720,1709033020541118720,50,64.9861,1.1536,5.20035,64.9964,0,2.28973,9.69255,0.79
1812,541118720,2024-02-27 16:53:40.541118720,1709033020541118720,24,17.9357,1.3184,21.4026,17.9841,0,3.10075,7.04031,1
1812,541118720,2024-02-27 16:53:40.541118720,1709033020541118720,34,53.6973,0.4944,18.1921,53.6996,0,2.75828,11.2353,1
1812,541118720,2024-02-27 16:53:40.541118720,1709033020541118720,55,56.1785,0.0732444,17.2552,56.1785,0,3.08416,8.93013,0.8
1812,619924700,2024-02-27 16:53:40.619924700,1709033020619924700,30,59.5569,0.943022,14.8412,59.5643,0,-3.07208,11.2174,1
1812,619924700,2024-02-27 16:53:40.619924700,1709033020619924700,45,65.8559,0.897244,9.85137,65.862,0,-3.07486,11.236,1
1812,619924700,2024-02-27 16:53:40.619924700,1709033020619924700,50,64.6931,1.47404,4.61135,64.7099,0,2.27909,10.3438,0.79
1812,619924700,2024-02-27 16:53:40.619924700,1709033020619924700,46,41.612,-0.824,2.08441,41.6201,0,2.39059,4.42264,0.51
1812,619924700,2024-02-27 16:53:40.619924700,1709033020619924700,24,17.6061,1.34587,21.3752,17.6575,0,3.0856,7.01409,1
1812,619924700,2024-02-27 16:53:40.619924700,1709033020619924700,34,53.2395,0.5768,18.0273,53.2427,0,2.77007,11.232,1
1812,619924700,2024-02-27 16:53:40.619924700,1709033020619924700,55,55.7939,0.0183111,17.2308,55.7939,0,3.06853,10.4031,0.9
1812,699011860,2024-02-27 16:53:40.699011860,1709033020699011860,30,59.0716,1.08036,15.0334,59.0815,0,-3.10986,11.2307,1
1812,699011860,2024-02-27 16:53:40.699011860,1709033020699011860,45,65.3066,0.970489,10.7944,65.3138,0,-3.12817,11.2419,1
1812,699011860,2024-02-27 16:53:40.699011860,1709033020699011860,50,64.4002,1.50151,5.24003,64.4177,0,2.29817,10.3406,0.79
1812,699011860,2024-02-27 16:53:40.699011860,1709033020699011860,46,41.2366,-0.686666,2.08441,41.2423,0,2.49931,4.41643,0.51
1812,699011860,2024-02-27 16:53:40.699011860,1709033020699011860,24,17.2582,1.46489,21.1676,17.3203,0,3.06518,6.99537,1
1812,699011860,2024-02-27 16:53:40.699011860,1709033020699011860,34,52.9923,0.997955,16.7455,53.0017,0,2.75751,11.2228,1
1812,699011860,2024-02-27 16:53:40.699011860,1709033020699011860,55,55.3819,0.512711,16.068,55.3843,0,3.01034,10.3852,0.95
1812,780939520,2024-02-27 16:53:40.780939520,1709033020780939520,30,58.5223,1.38249,15.0151,58.5386,0,3.12625,11.2859,1
1812,780939520,2024-02-27 16:53:40.780939520,1709033020780939520,45,64.7481,1.03458,11.4109,64.7563,0,3.11015,12.5415,1
1812,780939520,2024-02-27 16:53:40.780939520,1709033020780939520,50,64.0889,1.75787,5.81072,64.113,0,2.32137,10.4367,0.8
1812,780939520,2024-02-27 16:53:40.780939520,1709033020780939520,46,40.8887,-0.943022,1.59612,40.8996,0,2.63095,5.29142,0.55
1812,780939520,2024-02-27 16:53:40.780939520,1709033020780939520,24,16.8828,1.53813,20.951,16.9528,0,3.04591,7.00814,1
1812,780939520,2024-02-27 16:53:40.780939520,1709033020780939520,34,52.4613,1.19022,16.0894,52.4748,0,2.74601,11.245,1
1812,780939520,2024-02-27 16:53:40.780939520,1709033020780939520,55,54.8692,0.6592,16.2725,54.8732,0,2.96441,10.3741,0.97
1812,859214540,2024-02-27 16:53:40.859214540,1709033020859214540,30,57.9455,1.76702,15.2196,57.9724,0,3.0694,12.2272,1
1812,859214540,2024-02-27 16:53:40.859214540,1709033020859214540,45,64.1072,1.4008,11.7313,64.1225,0,3.05109,13.6387,1
1812,859214540,2024-02-27 16:53:40.859214540,1709033020859214540,19,21.4331,-1.71209,18.1738,21.5014,0,-3.12798,7.03133,1
1812,859214540,2024-02-27 16:53:40.859214540,1709033020859214540,46,40.5957,-1.17191,2.42622,40.6126,0,2.77122,5.98756,0.59
1812,859214540,2024-02-27 16:53:40.859214540,1709033020859214540,37,22.3853,1.648,16.2511,22.4459,0,3.01446,2.58769,0.52
1812,859214540,2024-02-27 16:53:40.859214540,1709033020859214540,24,16.4159,1.74871,20.1819,16.5088,0,3.01849,7.00661,1
1812,859214540,2024-02-27 16:53:40.859214540,1709033020859214540,34,52.1775,1.02542,15.6377,52.1876,0,2.75722,11.2285,1
1812,859214540,2024-02-27 16:53:40.859214540,1709033020859214540,55,54.4298,0.979644,16.2877,54.4386,0,2.91427,10.3542,0.99
1812,947999460,2024-02-27 16:53:40.947999460,1709033020947999460,45,63.2649,1.65716,12.3661,63.2866,0,2.99327,13.8259,1
1812,947999460,2024-02-27 16:53:40.947999460,1709033020947999460,19,20.9845,-1.33671,18.6834,21.0271,0,3.10717,7.03547,1
1812,947999460,2024-02-27 16:53:40.947999460,1709033020947999460,46,40.1563,-1.34587,1.65716,40.1788,0,2.90209,6.02159,0.64
1812,947999460,2024-02-27 16:53:40.947999460,1709033020947999460,37,21.9275,1.37333,17.0476,21.9705,0,3.04073,2.59467,0.57
1812,947999460,2024-02-27 16:53:40.947999460,1709033020947999460,34,51.381,1.46489,13.4587,51.4018,0,2.74955,11.2378,1
1812,947999460,2024-02-27 16:53:40.947999460,1709033020947999460,55,53.972,1.27262,17.0507,53.987,0,2.86739,11.2405,1
1813,23756580,2024-02-27 16:53:40.23756580,1709033020023756580,19,20.6824,-1.37333,18.07,20.7279,0,3.07553,7.6791,1
1813,23756580,2024-02-27 16:53:40.23756580,1709033020023756580,46,39.8541,-1.00711,3.20444,39.8668,0,2.96441,7.19733,0.71
1813,23756580,2024-02-27 16:53:40.23756580,1709033020023756580,37,21.4148,1.38249,17.5634,21.4594,0,3.06192,2.58979,0.61
1813,23756580,2024-02-27 16:53:40.23756580,1709033020023756580,34,50.8499,1.66631,12.067,50.8772,0,2.7416,11.3861,1
1813,99899860,2024-02-27 16:53:41.99899860,1709033021099899860,19,20.1971,-1.0712,17.5787,20.2255,0,3.0344,7.66932,1
1813,99899860,2024-02-27 16:53:41.99899860,1709033021099899860,46,39.6435,-0.466933,5.13321,39.6463,0,2.95981,7.89882,0.83
1813,99899860,2024-02-27 16:53:41.99899860,1709033021099899860,37,20.9204,1.77618,18.244,20.9957,0,3.04246,2.59126,0.66
1813,181782560,2024-02-27 16:53:41.181782560,1709033021181782560,19,19.8035,-1.10782,17.0629,19.8344,0,3.009,7.65357,1
1813,181782560,2024-02-27 16:53:41.181782560,1709033021181782560,46,39.5886,-0.219733,6.5981,39.5892,0,2.94332,8.23515,0.68
1813,263315860,2024-02-27 16:53:41.263315860,1709033021263315860,19,19.4098,-1.14444,16.7547,19.4435,0,2.99481,9.21132,1
1813,263315860,2024-02-27 16:53:41.263315860,1709033021263315860,46,39.2499,-0.0183111,8.60317,39.2499,0,2.92568,9.49495,0.78
1813,342253260,2024-02-27 16:53:41.342253260,1709033021342253260,19,18.9886,-0.897244,15.2318,19.0098,0,2.97275,9.25067,1
1813,342253260,2024-02-27 16:53:41.342253260,1709033021342253260,46,38.7371,0.457778,9.14945,38.7398,0,2.88349,9.70524,0.89
1813,420072620,2024-02-27 16:53:41.420072620,1709033021420072620,19,18.6132,-0.631733,15.0151,18.624,0,2.94572,9.24577,1
1813,420072620,2024-02-27 16:53:41.420072620,1709033021420072620,46,38.3709,0.915555,9.86053,38.3818,0,2.82971,10.0867,0.94
1813,499655900,2024-02-27 16:53:41.499655900,1709033021499655900,19,18.302,-0.650044,15.6194,18.3135,0,2.92971,10.3957,1
1813,499655900,2024-02-27 16:53:41.499655900,1709033021499655900,46,38.2977,0.512711,9.34782,38.3011,0,2.83517,10.4041,0.97
1813,582142380,2024-02-27 16:53:41.582142380,1709033021582142380,19,17.9266,-0.192267,16.1107,17.9276,0,2.89893,11.2396,1
1813,582142380,2024-02-27 16:53:41.582142380,1709033021582142380,46,37.9589,1.20853,9.95819,37.9782,0,2.79989,10.6407,0.99
1813,662727720,2024-02-27 16:53:41.662727720,1709033021662727720,19,17.4596,0.119022,16.5166,17.46,0,2.86662,11.2341,1
1813,662727720,2024-02-27 16:53:41.662727720,1709033021662727720,46,37.5561,1.61138,9.79644,37.5906,0,2.76259,11.2398,1
1813,747525200,2024-02-27 16:53:41.747525200,1709033021747525200,19,17.0843,0.320444,16.4892,17.0873,0,2.83853,11.2432,1
1813,822053680,2024-02-27 16:53:41.822053680,1709033021822053680,19,16.6906,0.6592,16.834,16.7036,0,2.80823,11.2398,1
1813,822053680,2024-02-27 16:53:41.822053680,1709033021822053680,17,14.301,-1.66631,4.20545,14.3977,0,2.71801,2.83028,1
1813,900161440,2024-02-27 16:53:41.900161440,1709033021900161440,19,16.2511,0.897244,16.3488,16.2759,0,2.78148,11.2402,1
1813,900161440,2024-02-27 16:53:41.900161440,1709033021900161440,17,13.9439,-1.25431,4.50758,14.0002,0,2.67621,3.12384,1
1813,979850620,2024-02-27 16:53:41.979850620,1709033021979850620,19,15.83,0.997955,15.9886,15.8614,0,2.76269,11.2193,1
1813,979850620,2024-02-27 16:53:41.979850620,1709033021979850620,17,13.5777,-0.933866,3.91858,13.6098,0,2.64169,3.23536,1
1814,62144520,2024-02-27 16:53:41.62144520,1709033021062144520,19,15.3081,1.29093,15.7414,15.3624,0,2.74294,11.2422,1
1814,62144520,2024-02-27 16:53:41.62144520,1709033021062144520,17,13.1748,-0.531022,3.5371,13.1855,0,2.61082,3.22341,1
1814,149672080,2024-02-27 16:53:42.149672080,1709033022149672080,19,14.9144,1.54729,14.893,14.9944,0,2.72491,11.2301,1
1814,149672080,2024-02-27 16:53:42.149672080,1709033022149672080,17,12.653,-0.0732444,3.39976,12.6532,0,2.58196,3.32859,1
1814,230114400,2024-02-27 16:53:42.230114400,1709033022230114400,19,14.4932,1.78533,14.9419,14.6028,0,2.70909,11.2334,1
1814,230114400,2024-02-27 16:53:42.230114400,1709033022230114400,17,12.2135,0.274667,3.08847,12.2166,0,2.55809,3.32086,1
1814,308003520,2024-02-27 16:53:42.308003520,1709033022308003520,17,11.71,0.714133,3.0549,11.7317,0,2.53738,3.30746,1
1814,389764680,2024-02-27 16:53:42.389764680,1709033022389764680,17,11.2247,1.11698,2.70699,11.2801,0,2.5205,3.34511,1
1814,472049180,2024-02-27 16:53:42.472049180,1709033022472049180,17,10.7852,1.35502,2.45674,10.87,0,2.50938,3.40064,1
1814,557886360,2024-02-27 16:53:42.557886360,1709033022557886360,5,15.0243,-1.41911,1.16886,15.0911,0,2.59673,6.0083,0.54
1814,557886360,2024-02-27 16:53:42.557886360,1709033022557886360,17,10.3092,1.68462,1.95318,10.4459,0,2.5019,3.39566,1
1815,96573440,2024-02-27 16:53:43.96573440,1709033023096573440,20,17.4322,-1.78533,3.85754,17.5234,0,2.26911,10.9088,1
1815,172023620,2024-02-27 16:53:43.172023620,1709033023172023620,20,17.2308,-1.40996,4.09253,17.2883,0,2.27468,10.9184,1
1815,250812780,2024-02-27 16:53:43.250812780,1709033023250812780,20,17.0476,-1.1536,4.30006,17.0866,0,2.28378,11.0402,1
1815,405518160,2024-02-27 16:53:43.405518160,1709033023405518160,20,17.7343,-1.38249,3.62255,17.7881,0,2.28052,17.46,1
1815,479588600,2024-02-27 16:53:43.479588600,1709033023479588600,20,17.6519,-1.12613,3.81176,17.6878,0,2.2833,17.4952,1
1815,558406480,2024-02-27 16:53:43.558406480,1709033023558406480,20,17.478,-1.02542,2.95419,17.508,0,2.29232,17.5018,1
1815,639217380,2024-02-27 16:53:43.639217380,1709033023639217380,20,17.3589,-0.897244,2.30415,17.3821,0,2.30584,17.5012,1
1815,720562740,2024-02-27 16:53:43.720562740,1709033023720562740,20,17.2765,-0.805689,1.01016,17.2953,0,2.32367,17.4937,1
1818,702217640,2024-02-27 16:53:46.702217640,1709033026702217640,52,24.7932,-1.42827,15.009,24.8343,0,2.33613,11.2428,1
1818,782269360,2024-02-27 16:53:46.782269360,1709033026782269360,22,21.0669,-0.842311,10.5991,21.0838,0,2.63738,11.0195,1
1818,782269360,2024-02-27 16:53:46.782269360,1709033026782269360,52,24.2897,-0.933866,14.8869,24.3076,0,2.3369,11.2425,1
1818,858390880,2024-02-27 16:53:46.858390880,1709033026858390880,22,20.6366,-0.366222,10.0833,20.6399,0,2.61513,10.9825,1
1818,858390880,2024-02-27 16:53:46.858390880,1709033026858390880,52,23.7678,-0.421155,15.2379,23.7715,0,2.33815,11.2446,1
1818,858390880,2024-02-27 16:53:46.858390880,1709033026858390880,2,11.2156,-1.63884,3.03964,11.3347,0,2.67975,10.4872,1
1818,931739660,2024-02-27 16:53:46.931739660,1709033026931739660,22,20.1514,0.137333,10.0162,20.1518,0,2.59385,10.986,1
1818,931739660,2024-02-27 16:53:46.931739660,1709033026931739660,52,23.3283,0.0549333,15.0273,23.3284,0,2.33968,11.2466,1
1818,931739660,2024-02-27 16:53:46.931739660,1709033026931739660,2,10.8402,-1.37333,2.2309,10.9268,0,2.67074,10.4581,1
1819,5607920,2024-02-27 16:53:46.5607920,1709033026005607920,22,19.7485,0.613422,9.57366,19.7581,0,2.57429,10.9681,1
1819,5607920,2024-02-27 16:53:46.5607920,1709033026005607920,52,22.8339,0.613422,15.0365,22.8422,0,2.34026,11.2438,1
1819,81845040,2024-02-27 16:53:46.81845040,1709033026081845040,22,19.3915,1.00711,8.76797,19.4176,0,2.55828,10.9466,1
1819,81845040,2024-02-27 16:53:46.81845040,1709033026081845040,52,22.3212,1.1536,14.0904,22.351,0,2.34121,11.2385,1
1819,163685180,2024-02-27 16:53:47.163685180,1709033027163685180,22,18.9337,1.59307,8.71914,19.0006,0,2.54246,11.0268,1
1819,163685180,2024-02-27 16:53:47.163685180,1709033027163685180,52,21.7078,1.78533,13.242,21.7811,0,2.34246,11.2295,1
1819,313975100,2024-02-27 16:53:47.313975100,1709033027313975100,21,26.9723,-1.70293,23.6641,27.026,0,2.25799,11.1656,1
1819,391243760,2024-02-27 16:53:47.391243760,1709033027391243760,21,26.6335,-1.39164,24.3721,26.6698,0,2.26212,11.1443,1
1819,466251280,2024-02-27 16:53:47.466251280,1709033027466251280,21,26.2215,-0.943022,24.308,26.2385,0,2.26653,11.1122,1
1819,466251280,2024-02-27 16:53:47.466251280,1709033027466251280,41,30.607,-1.37333,6.66829,30.6378,0,2.23863,11.2252,1
1819,543498720,2024-02-27 16:53:47.543498720,1709033027543498720,11,12.1311,-1.49236,4.12915,12.2226,0,2.32424,10.4985,1
1819,543498720,2024-02-27 16:53:47.543498720,1709033027543498720,13,51.5641,-0.613422,4.90432,51.5677,0,1.91821,11.2443,1
1819,543498720,2024-02-27 16:53:47.543498720,1709033027543498720,21,25.8278,-0.448622,23.6915,25.8317,0,2.27142,11.2004,1
1819,543498720,2024-02-27 16:53:47.543498720,1709033027543498720,41,30.0027,-0.595111,8.53908,30.0086,0,2.22578,11.223,1
1819,543498720,2024-02-27 16:53:47.543498720,1709033027543498720,2,7.70898,0.759911,1.02847,7.74634,0,2.63632,10.1901,1
1819,543498720,2024-02-27 16:53:47.543498720,1709033027543498720,7,63.0085,-1.62053,7.27866,63.0294,0,1.9159,10.1761,1
1819,620995260,2024-02-27 16:53:47.620995260,1709033027620995260,11,11.7374,-0.888089,3.21055,11.771,0,2.32252,10.4628,1
1819,620995260,2024-02-27 16:53:47.620995260,1709033027620995260,13,50.969,0.613422,5.47807,50.9727,0,1.93278,11.2396,1
1819,620995260,2024-02-27 16:53:47.620995260,1709033027620995260,21,25.3517,0.2472,24.3812,25.3529,0,2.27535,11.2372,1
1819,620995260,2024-02-27 16:53:47.620995260,1709033027620995260,41,29.3619,0.155644,11.4994,29.3623,0,2.21715,11.2392,1
1819,620995260,2024-02-27 16:53:47.620995260,1709033027620995260,2,7.31529,0.9888,1.24821,7.38181,0,2.63814,10.1721,1
1819,620995260,2024-02-27 16:53:47.620995260,1709033027620995260,17,58.0187,-1.35502,9.50346,58.0346,0,1.98024,11.2426,1
1819,620995260,2024-02-27 16:53:47.620995260,1709033027620995260,7,62.6057,-0.219733,6.0152,62.6061,0,1.92799,10.6318,1
1819,699225800,2024-02-27 16:53:47.699225800,1709033027699225800,11,11.3437,-0.457778,2.92062,11.353,0,2.32252,10.4303,1
1819,699225800,2024-02-27 16:53:47.699225800,1709033027699225800,21,24.8848,0.897244,24.308,24.901,0,2.27746,11.2355,1
1819,699225800,2024-02-27 16:53:47.699225800,1709033027699225800,41,28.6203,1.06204,12.418,28.64,0,2.21092,11.2064,1
1819,699225800,2024-02-27 16:53:47.699225800,1709033027699225800,17,57.5884,-0.466933,5.86566,57.5903,0,1.98935,11.2237,1
1819,699225800,2024-02-27 16:53:47.699225800,1709033027699225800,7,62.1662,0.833155,2.89926,62.1718,0,1.9393,10.6213,1
1819,774521580,2024-02-27 16:53:47.774521580,1709033027774521580,11,10.9684,-0.0183111,2.75582,10.9684,0,2.32444,10.3878,1
1819,774521580,2024-02-27 16:53:47.774521580,1709033027774521580,21,24.3538,1.61138,23.9448,24.407,0,2.27985,11.2446,1
1819,774521580,2024-02-27 16:53:47.774521580,1709033027774521580,41,27.9702,1.79449,13.8401,28.0277,0,2.20756,11.2104,1
1819,774521580,2024-02-27 16:53:47.774521580,1709033027774521580,17,57.1856,0.375378,5.86566,57.1868,0,1.99778,11.2337,1
1819,774521580,2024-02-27 16:53:47.774521580,1709033027774521580,29,74.8009,-0.210578,7.51671,74.8012,0,1.85368,9.56365,1
1819,853550940,2024-02-27 16:53:47.853550940,1709033027853550940,11,10.5472,0.412,2.60933,10.5552,0,2.32904,10.3578,1
1819,853550940,2024-02-27 16:53:47.853550940,1709033027853550940,1,70.4245,-1.30924,5.67034,70.4367,0,1.84841,8.50034,0.98
1819,853550940,2024-02-27 16:53:47.853550940,1709033027853550940,17,56.7461,1.26347,5.86566,56.7602,0,2.00565,11.226,1
1819,853550940,2024-02-27 16:53:47.853550940,1709033027853550940,29,74.3614,1.68462,7.06809,74.3805,0,1.87334,10.0932,1
1819,932530180,2024-02-27 16:53:47.932530180,1709033027932530180,11,10.1169,0.833155,2.28584,10.1511,0,2.33604,10.3248,1
1819,932530180,2024-02-27 16:53:47.932530180,1709033027932530180,1,70.0858,-0.146489,5.67034,70.0859,0,1.85023,8.49295,0.97
1820,12026600,2024-02-27 16:53:47.12026600,1709033027012026600,11,9.68657,1.24516,2.06305,9.76628,0,2.34543,10.2899,1
1820,12026600,2024-02-27 16:53:47.12026600,1709033027012026600,1,69.7378,1.02542,5.67034,69.7454,0,1.85157,8.49714,0.94
1820,85591580,2024-02-27 16:53:48.85591580,1709033028085591580,11,9.27458,1.62053,1.63884,9.41509,0,2.35684,10.2428,1
1820,160782040,2024-02-27 16:53:48.160782040,1709033028160782040,57,20.6458,-1.65716,2.93588,20.7122,0,2.49979,3.56188,0.59
1820,243831120,2024-02-27 16:53:48.243831120,1709033028243831120,57,20.1971,-0.860622,2.33467,20.2155,0,2.46365,3.8913,0.63
1820,474152700,2024-02-27 16:53:48.474152700,1709033028474152700,51,70.6076,1.29093,1.35502,70.6194,0,1.72799,2.64758,0.53
1820,940185480,2024-02-27 16:53:48.940185480,1709033028940185480,46,41.9507,0.585955,8.35292,41.9548,0,1.92482,5.19991,0.54
1824,642135540,2024-02-27 16:53:52.642135540,1709033032642135540,42,52.974,-0.9064,1.50761,52.9818,0,1.91533,9.32462,1
1824,642135540,2024-02-27 16:53:52.642135540,1709033032642135540,43,58.9068,-1.73956,5.36515,58.9325,0,1.88148,11.2397,1
1824,722511700,2024-02-27 16:53:52.722511700,1709033032722511700,42,52.3972,0.192267,1.61443,52.3976,0,1.93172,9.50274,1
1824,722511700,2024-02-27 16:53:52.722511700,1709033032722511700,43,58.4948,-0.558489,5.66729,58.4975,0,1.895,11.2396,1
1824,722511700,2024-02-27 16:53:52.722511700,1709033032722511700,50,68.7948,-1.59307,7.79748,68.8133,0,1.84524,11.2349,1
1824,802229320,2024-02-27 16:53:52.802229320,1709033032802229320,42,51.8754,1.18107,1.68767,51.8888,0,1.94831,9.59659,1
1824,802229320,2024-02-27 16:53:52.802229320,1709033032802229320,43,58.037,0.503555,6.50349,58.0392,0,1.90891,11.241,1
1824,802229320,2024-02-27 16:53:52.802229320,1709033032802229320,50,68.2821,-0.430311,7.37938,68.2835,0,1.86039,11.2382,1
1824,882351000,2024-02-27 16:53:52.882351000,1709033032882351000,10,72.4479,-1.78533,7.62047,72.4699,0,1.91744,10.9573,1
1824,882351000,2024-02-27 16:53:52.882351000,1709033032882351000,43,57.5793,1.60222,7.23594,57.6016,0,1.92281,11.2418,1
1824,882351000,2024-02-27 16:53:52.882351000,1709033032882351000,50,67.7053,0.604266,7.47398,67.708,0,1.87592,11.2444,1
1824,965036420,2024-02-27 16:53:52.965036420,1709033032965036420,9,45.732,-0.274667,8.30409,45.7328,0,2.5253,2.00548,0.6
1824,965036420,2024-02-27 16:53:52.965036420,1709033032965036420,10,71.7887,-0.943022,7.76391,71.7949,0,1.93824,11.2414,1
1824,965036420,2024-02-27 16:53:52.965036420,1709033032965036420,39,77.9229,-1.63884,10.3092,77.9401,0,1.9345,7.9297,0.9
1824,965036420,2024-02-27 16:53:52.965036420,1709033032965036420,50,67.0186,1.58391,7.21763,67.0374,0,1.89261,11.2395,1
1825,41275320,2024-02-27 16:53:52.41275320,1709033032041275320,9,45.2284,0.128178,7.18711,45.2286,0,2.51139,1.99976,0.64
1825,41275320,2024-02-27 16:53:52.41275320,1709033032041275320,10,71.1386,-0.347911,7.69982,71.1395,0,1.96039,11.2355,1
1825,41275320,2024-02-27 16:53:52.41275320,1709033032041275320,39,77.456,-1.05289,10.4221,77.4631,0,1.96451,8.21033,0.95
1825,122985580,2024-02-27 16:53:53.122985580,1709033033122985580,9,44.6791,0.585955,6.33564,44.6829,0,2.51015,2.64335,0.7
1825,122985580,2024-02-27 16:53:53.122985580,1709033033122985580,10,70.452,0.283822,7.62047,70.4526,0,1.98398,11.238,1
1825,122985580,2024-02-27 16:53:53.122985580,1709033033122985580,39,76.87,-0.375378,10.5045,76.8709,0,1.995,8.43338,0.97
1825,202808380,2024-02-27 16:53:53.202808380,1709033033202808380,9,44.1115,1.25431,6.4333,44.1293,0,2.50449,2.90605,0.75
1825,202808380,2024-02-27 16:53:53.202808380,1709033033202808380,10,69.7928,1.06204,7.63573,69.8009,0,2.00775,11.2216,1
1825,202808380,2024-02-27 16:53:53.202808380,1709033033202808380,39,76.3115,0.173956,10.6784,76.3117,0,2.02626,8.61947,0.99
1825,283357640,2024-02-27 16:53:53.283357640,1709033033283357640,9,43.553,1.47404,6.18,43.5779,0,2.5183,3.47336,0.77
1825,283357640,2024-02-27 16:53:53.283357640,1709033033283357640,10,69.1702,1.50151,8.06909,69.1865,0,2.03383,11.2369,1
1825,283357640,2024-02-27 16:53:53.283357640,1709033033283357640,39,75.753,0.695822,11.0172,75.7562,0,2.05857,8.77787,1
1825,365261860,2024-02-27 16:53:53.365261860,1709033033365261860,39,75.1854,1.22684,11.3834,75.1954,0,2.09126,8.86604,1
1825,443383080,2024-02-27 16:53:53.443383080,1709033033443383080,39,74.5903,1.71209,11.9968,74.6099,0,2.12415,8.90477,1
1836,581853680,2024-02-27 16:54:04.581853680,1709033044581853680,45,67.9983,-1.79449,14.4658,68.022,0,2.59855,10.844,1
1836,730757820,2024-02-27 16:54:04.730757820,1709033044730757820,45,67.861,-1.76702,14.7099,67.884,0,2.54821,10.8236,1
1836,965471440,2024-02-27 16:54:04.965471440,1709033044965471440,45,67.7419,-1.79449,14.6336,67.7657,0,2.51082,10.8617,1
1837,40781520,2024-02-27 16:54:04.40781520,1709033044040781520,45,67.6504,-1.75787,14.6336,67.6732,0,2.50401,10.8559,1
1837,115252360,2024-02-27 16:54:05.115252360,1709033045115252360,45,67.6138,-1.79449,14.3315,67.6376,0,2.66346,10.8773,1
1837,189545380,2024-02-27 16:54:05.189545380,1709033045189545380,45,67.5314,-1.75787,14.3315,67.5542,0,2.66346,10.8807,0.99
1889,415448720,2024-02-27 16:54:57.415448720,1709033097415448720,0,13.1199,1.62969,17.8686,13.2207,0,-1.92108,4.12833,0.55
1889,492546940,2024-02-27 16:54:57.492546940,1709033097492546940,0,12.9093,1.55644,16.2328,13.0028,0,-2.22616,4.34726,0.59
1889,567782780,2024-02-27 16:54:57.567782780,1709033097567782780,0,12.7628,1.51067,14.0904,12.8519,0,-2.45502,4.53502,0.63
1889,643449400,2024-02-27 16:54:57.643449400,1709033097643449400,0,12.6713,1.59307,12.6164,12.771,0,-1.84122,4.71474,0.7
1889,718201060,2024-02-27 16:54:57.718201060,1709033097718201060,0,12.5065,1.58391,11.8015,12.6064,0,-2.16633,4.76186,0.81
1889,794215580,2024-02-27 16:54:57.794215580,1709033097794215580,0,12.4149,1.57476,10.6052,12.5144,0,-2.41005,4.87998,0.91
1889,868520860,2024-02-27 16:54:57.868520860,1709033097868520860,11,41.2,1.09867,1.24821,41.2146,0,-2.11571,8.73776,0.61
1889,868520860,2024-02-27 16:54:57.868520860,1709033097868520860,0,12.2684,1.59307,10.3244,12.3714,0,-2.7067,4.89362,0.95
1889,945411740,2024-02-27 16:54:57.945411740,1709033097945411740,11,41.2641,0.933866,1.37944,41.2746,0,-1.99865,8.84359,0.67
1889,945411740,2024-02-27 16:54:57.945411740,1709033097945411740,0,12.1677,1.51982,10.062,12.2623,0,-2.81542,4.96919,0.98
1890,21909960,2024-02-27 16:54:57.21909960,1709033097021909960,11,41.2275,0.439467,1.91046,41.2298,0,-1.91025,8.851,0.73
1890,21909960,2024-02-27 16:54:57.21909960,1709033097021909960,0,12.0487,1.53813,8.96023,12.1465,0,-2.89692,4.97495,0.99
1890,97834700,2024-02-27 16:54:58.97834700,1709033098097834700,11,41.2091,0.6592,1.5656,41.2144,0,-1.85023,8.83685,0.76
1890,97834700,2024-02-27 16:54:58.97834700,1709033098097834700,0,11.9755,1.61138,7.58385,12.0834,0,-3.07036,5.16361,1
1890,175188400,2024-02-27 16:54:58.175188400,1709033098175188400,11,41.1817,0.5768,1.45573,41.1857,0,-1.80776,8.80586,0.8
1890,175188400,2024-02-27 16:54:58.175188400,1709033098175188400,0,11.8748,1.47404,6.54927,11.9659,0,-3.08809,5.18758,1
1890,252351780,2024-02-27 16:54:58.252351780,1709033098252351780,11,41.1725,0.787378,1.42521,41.18,0,-1.78877,8.77373,0.9
1890,252351780,2024-02-27 16:54:58.252351780,1709033098252351780,0,11.7557,1.37333,6.60115,11.8357,0,-3.10142,5.58648,1
1890,327475780,2024-02-27 16:54:58.327475780,1709033098327475780,11,41.1359,0.668355,1.42521,41.1413,0,-1.77525,8.77475,0.85
1890,327475780,2024-02-27 16:54:58.327475780,1709033098327475780,0,11.6367,1.42827,6.79647,11.724,0,-3.11149,5.57531,1
1890,403526560,2024-02-27 16:54:58.403526560,1709033098403526560,11,41.1084,0.558489,1.42521,41.1122,0,-1.76682,8.77982,0.82
1890,403526560,2024-02-27 16:54:58.403526560,1709033098403526560,0,11.536,1.34587,7.18101,11.6142,0,-3.11897,5.56167,1
1890,480467940,2024-02-27 16:54:58.480467940,1709033098480467940,0,11.4628,1.41911,7.02841,11.5503,0,-3.12462,5.57193,1
1890,554707120,2024-02-27 16:54:58.554707120,1709033098554707120,0,11.3712,1.41911,7.12302,11.4594,0,-3.12884,5.58279,1
1890,628777180,2024-02-27 16:54:58.628777180,1709033098628777180,0,11.2888,1.44658,7.19626,11.3811,0,-3.132,5.82627,1
1890,704772740,2024-02-27 16:54:58.704772740,1709033098704772740,0,11.2247,1.47404,6.90024,11.3211,0,-3.1344,6.35613,1
1890,781022920,2024-02-27 16:54:58.781022920,1709033098781022920,0,11.1332,1.41911,6.1861,11.2232,0,-3.13613,6.42326,1
1890,857445220,2024-02-27 16:54:58.857445220,1709033098857445220,0,11.0599,1.4832,5.34074,11.1589,0,-3.13747,6.49197,1
1890,934061360,2024-02-27 16:54:58.934061360,1709033098934061360,0,10.9684,1.46489,5.12101,11.0657,0,-3.13852,6.48085,1
1891,7694040,2024-02-27 16:54:58.7694040,1709033098007694040,0,10.9134,1.36418,4.89822,10.9983,0,-3.1392,6.47939,1
1891,82883520,2024-02-27 16:54:59.82883520,1709033099082883520,0,10.8493,1.32756,4.31532,10.9303,0,-3.13977,6.49331,1
1891,161396380,2024-02-27 16:54:59.161396380,1709033099161396380,0,10.8127,1.35502,3.50963,10.8973,0,-3.14025,6.48563,1
1891,237893800,2024-02-27 16:54:59.237893800,1709033099237893800,0,10.7395,1.40996,3.49437,10.8316,0,-3.14054,6.48079,1
1891,314971280,2024-02-27 16:54:59.314971280,1709033099314971280,0,10.6937,1.3184,4.35194,10.7747,0,-3.14073,6.46972,1
1891,391491960,2024-02-27 16:54:59.391491960,1709033099391491960,0,10.6845,1.30924,4.83108,10.7644,0,-3.14092,6.51829,1
1891,465427780,2024-02-27 16:54:59.465427780,1709033099465427780,0,10.6571,1.28178,4.66933,10.7339,0,-3.14111,6.51204,1
1891,541692140,2024-02-27 16:54:59.541692140,1709033099541692140,0,10.6204,1.19022,4.84024,10.6869,0,-3.14121,6.48813,1
1891,616915900,2024-02-27 16:54:59.616915900,1709033099616915900,0,10.5747,1.17191,4.79751,10.6394,0,-3.14131,6.52243,1
1891,692161780,2024-02-27 16:54:59.692161780,1709033099692161780,0,10.5655,1.21769,5.08744,10.6354,0,-3.14131,6.51132,1
1891,766361360,2024-02-27 16:54:59.766361360,1709033099766361360,0,10.5197,1.236,5.73748,10.5921,0,-3.1414,6.50197,1
1891,842012900,2024-02-27 16:54:59.842012900,1709033099842012900,0,10.5289,1.24516,5.75579,10.6023,0,-3.1414,6.49574,1
1891,921510700,2024-02-27 16:54:59.921510700,1709033099921510700,0,10.5106,1.39164,5.30106,10.6023,0,-3.1414,6.47185,1
1891,997478640,2024-02-27 16:54:59.997478640,1709033099997478640,0,10.5014,1.47404,5.1912,10.6044,0,-3.1414,6.45942,1
1892,72356060,2024-02-27 16:55:00.72356060,1709033100072356060,0,10.5289,1.45573,4.34889,10.629,0,-3.1415,6.44664,1
1892,146612320,2024-02-27 16:55:00.146612320,1709033100146612320,0,10.5289,1.58391,3.69579,10.6474,0,-3.1415,6.4325,1
1892,221908040,2024-02-27 16:55:00.221908040,1709033100221908040,0,10.5564,1.62969,3.37535,10.6814,0,-3.1415,6.48655,1
1892,301479100,2024-02-27 16:55:00.301479100,1709033100301479100,0,10.5197,1.67547,3.07932,10.6523,0,-3.1415,6.46443,1
1892,377482260,2024-02-27 16:55:00.377482260,1709033100377482260,4,22.3945,0.0915555,1.59612,22.3947,0,2.34064,2.08523,0.55
1892,377482260,2024-02-27 16:55:00.377482260,1709033100377482260,0,10.5106,1.71209,2.25837,10.6491,0,-3.1415,6.45029,1
1892,452220780,2024-02-27 16:55:00.452220780,1709033100452220780,3,24.1798,0.192267,1.27873,24.1806,0,2.59692,4.36963,0.59
1892,452220780,2024-02-27 16:55:00.452220780,1709033100452220780,0,10.5106,1.77618,2.60018,10.6596,0,-3.1415,6.42337,1
1892,527990860,2024-02-27 16:55:00.527990860,1709033100527990860,0,10.5564,1.78533,2.45674,10.7063,0,-3.1415,6.40444,1
1892,833113520,2024-02-27 16:55:00.833113520,1709033100833113520,0,10.4831,1.78533,4.49232,10.634,0,-3.1415,6.3692,1
1892,907689240,2024-02-27 16:55:00.907689240,1709033100907689240,0,10.4465,1.7304,4.37635,10.5888,0,-3.1415,6.35995,1
1892,983166320,2024-02-27 16:55:00.983166320,1709033100983166320,0,10.4373,1.66631,4.86465,10.5695,0,-3.1415,6.34762,1
1893,62353080,2024-02-27 16:55:01.62353080,1709033101062353080,0,10.4099,1.59307,4.94095,10.5311,0,-3.1415,6.33667,1
1893,137530600,2024-02-27 16:55:01.137530600,1709033101137530600,0,10.3732,1.52898,4.90432,10.4853,0,-3.1415,6.36574,1
1893,215027820,2024-02-27 16:55:01.215027820,1709033101215027820,0,10.3275,1.41911,5.09964,10.4245,0,-3.1415,6.34381,1
1893,288789300,2024-02-27 16:55:01.288789300,1709033101288789300,0,10.3092,1.32756,5.30412,10.3943,0,-3.1415,6.32499,1
1893,366227780,2024-02-27 16:55:01.366227780,1709033101366227780,0,10.2908,1.38249,4.73952,10.3833,0,-3.1415,6.31233,1
1893,443397780,2024-02-27 16:55:01.443397780,1709033101443397780,0,10.3,1.30924,4.01929,10.3829,0,-3.1415,6.30007,1
1893,517391360,2024-02-27 16:55:01.517391360,1709033101517391360,0,10.2725,1.26347,4.30311,10.3499,0,-3.1415,6.28438,1
1893,591031180,2024-02-27 16:55:01.591031180,1709033101591031180,0,10.2542,1.14444,4.33058,10.3179,0,-3.1415,6.27654,1
1893,666584260,2024-02-27 16:55:01.666584260,1709033101666584260,0,10.2084,1.0712,3.86975,10.2645,0,-3.12117,6.26962,1
1893,742779680,2024-02-27 16:55:01.742779680,1709033101742779680,0,10.1444,0.970489,3.8667,10.1907,0,-3.10602,6.24845,1
1893,821913260,2024-02-27 16:55:01.821913260,1709033101821913260,0,10.0894,0.933866,3.16477,10.1325,0,-3.09461,6.22957,1
1893,901427460,2024-02-27 16:55:01.901427460,1709033101901427460,0,10.0711,1.02542,1.91656,10.1232,0,-3.08608,6.22702,1
1893,974873600,2024-02-27 16:55:01.974873600,1709033101974873600,0,10.0711,0.997955,1.30009,10.1204,0,-3.07966,6.20517,1
1896,256025600,2024-02-27 16:55:04.256025600,1709033104256025600,0,9.56755,0.228889,1.98065,9.57029,0,-2.73402,6.08687,0.88
1896,330043240,2024-02-27 16:55:04.330043240,1709033104330043240,0,9.52178,0.283822,3.9552,9.526,0,-2.73402,6.16068,0.94
1896,406429600,2024-02-27 16:55:04.406429600,1709033104406429600,0,9.48515,0.201422,4.65712,9.48729,0,-2.73402,6.21534,0.97
1896,486093360,2024-02-27 16:55:04.486093360,1709033104486093360,0,9.45769,0.238044,6.3509,9.46068,0,-2.73402,6.21339,0.99
1896,560024140,2024-02-27 16:55:04.560024140,1709033104560024140,0,9.41191,0.119022,7.64794,9.41266,0,-2.73402,6.23865,1
1896,636160580,2024-02-27 16:55:04.636160580,1709033104636160580,0,9.38444,0.0183111,7.74865,9.38446,0,-2.44313,6.27592,1
1896,709421580,2024-02-27 16:55:04.709421580,1709033104709421580,0,9.33866,-0.109867,7.95618,9.33931,0,-2.22501,6.27777,1
1896,784704000,2024-02-27 16:55:04.784704000,1709033104784704000,0,9.30204,-0.1648,7.43126,9.3035,0,-2.06145,6.27859,1
1896,863063260,2024-02-27 16:55:04.863063260,1709033104863063260,0,9.21049,-0.210578,7.56859,9.21289,0,-1.93872,6.25558,1
1896,939194260,2024-02-27 16:55:04.939194260,1709033104939194260,0,9.17386,-0.173956,6.51875,9.17551,0,-1.84678,6.23146,1
1897,13740480,2024-02-27 16:55:04.13740480,1709033104013740480,0,9.13724,-0.155644,5.63066,9.13857,0,-1.77775,6.21629,1
1897,89726640,2024-02-27 16:55:05.89726640,1709033105089726640,0,9.16471,-0.256355,4.79751,9.16829,0,-1.72597,6.20429,1
1897,164887880,2024-02-27 16:55:05.164887880,1709033105164887880,11,19.2724,0.485244,19.7333,19.2785,0,0.214956,1.5141,0.57
1897,164887880,2024-02-27 16:55:05.164887880,1709033105164887880,0,9.15555,-0.292978,4.42213,9.16024,0,-1.68714,6.18644,1
1897,242004260,2024-02-27 16:55:05.242004260,1709033105242004260,11,19.2908,0.375378,20.4749,19.2944,0,-0.220229,2.03267,0.62
1897,242004260,2024-02-27 16:55:05.242004260,1709033105242004260,0,9.1464,-0.338755,3.93384,9.15267,0,-1.658,6.16103,1
1897,317182200,2024-02-27 16:55:05.317182200,1709033105317182200,11,19.3274,0.347911,21.131,19.3305,0,-0.546593,2.37238,0.66
1897,317182200,2024-02-27 16:55:05.317182200,1709033105317182200,0,9.13724,-0.357067,3.11899,9.14422,0,-1.63623,6.14027,1
1897,391176920,2024-02-27 16:55:05.391176920,1709033105391176920,11,19.3548,0.357067,21.5217,19.3581,0,-0.791462,2.54795,0.7
1897,391176920,2024-02-27 16:55:05.391176920,1709033105391176920,0,9.12809,-0.402844,3.11899,9.13697,0,-1.61984,6.13944,1
1897,464979260,2024-02-27 16:55:05.464979260,1709033105464979260,11,19.364,0.2472,21.5217,19.3656,0,-0.97382,2.54886,0.7
1897,464979260,2024-02-27 16:55:05.464979260,1709033105464979260,0,9.11893,-0.439467,3.11899,9.12951,0,-1.60757,6.14093,1
1897,540243200,2024-02-27 16:55:05.540243200,1709033105540243200,11,19.3731,0.119022,21.5217,19.3735,0,-1.10958,2.54803,0.69
1897,616652240,2024-02-27 16:55:05.616652240,1709033105616652240,11,19.3915,0.320444,21.0913,19.3941,0,-1.22483,2.6369,0.73
1897,691155380,2024-02-27 16:55:05.691155380,1709033105691155380,11,19.4189,0.384533,21.4057,19.4227,0,-1.31131,2.69502,0.56
1903,113139640,2024-02-27 16:55:11.113139640,1709033111113139640,0,8.78933,0.100711,1.02847,8.78991,0,-1.57276,7.12781,0.8
1903,188911240,2024-02-27 16:55:11.188911240,1709033111188911240,0,8.74355,0.357067,2.93283,8.75084,0,-1.57276,7.11628,0.8
1903,264946120,2024-02-27 16:55:11.264946120,1709033111264946120,0,8.75271,0.384533,4.20545,8.76115,0,-1.57276,7.15594,0.8
1903,340537940,2024-02-27 16:55:11.340537940,1709033111340537940,0,8.74355,0.402844,3.90027,8.75283,0,-0.78686,7.14162,0.8
1903,417868520,2024-02-27 16:55:11.417868520,1709033111417868520,0,8.69777,0.485244,2.74972,8.7113,0,-0.19741,7.1284,0.8
1903,491871260,2024-02-27 16:55:11.491871260,1709033111491871260,0,8.67031,0.540178,3.34178,8.68712,0,0.244582,7.12876,0.8
1903,569325000,2024-02-27 16:55:11.569325000,1709033111569325000,0,8.63369,0.585955,2.73446,8.65355,0,0.576123,7.14428,0.8
1903,646303060,2024-02-27 16:55:11.646303060,1709033111646303060,0,8.55129,0.622578,2.29499,8.57392,0,0.824827,7.13088,0.8
1903,721159380,2024-02-27 16:55:11.721159380,1709033111721159380,0,8.52382,0.704978,1.78838,8.55292,0,1.01131,7.11718,0.8
1903,797500040,2024-02-27 16:55:11.797500040,1709033111797500040,0,8.51466,0.6592,2.02338,8.54014,0,1.15119,7.11221,0.8
1903,874510620,2024-02-27 16:55:11.874510620,1709033111874510620,0,8.47804,0.640889,2.93283,8.50223,0,1.15119,7.12104,0.8
1903,949207340,2024-02-27 16:55:11.949207340,1709033111949207340,0,8.45057,0.622578,3.18003,8.47348,0,1.15119,7.12885,0.8
1904,25384500,2024-02-27 16:55:11.25384500,1709033111025384500,0,8.4048,0.558489,2.94504,8.42333,0,1.15119,7.14066,0.8
1904,103971960,2024-02-27 16:55:12.103971960,1709033112103971960,0,8.36818,0.567644,2.71615,8.38741,0,1.15119,7.13545,0.8
1904,178572140,2024-02-27 16:55:12.178572140,1709033112178572140,0,8.33155,0.531022,2.23395,8.34846,0,1.15119,7.12931,0.8
1904,251611180,2024-02-27 16:55:12.251611180,1709033112251611180,0,8.26746,0.5768,1.63579,8.28756,0,1.64879,7.1,0.8
1904,328673160,2024-02-27 16:55:12.328673160,1709033112328673160,0,8.22169,0.650044,1.5656,8.24734,0,2.02194,7.08951,0.8
1904,405878200,2024-02-27 16:55:12.405878200,1709033112405878200,0,8.17591,0.732444,1.64495,8.20865,0,2.3019,7.07062,0.8
1904,481191140,2024-02-27 16:55:12.481191140,1709033112481191140,0,8.12098,0.778222,1.2299,8.15818,0,2.51178,7.04327,0.8
1904,558446560,2024-02-27 16:55:12.558446560,1709033112558446560,0,8.03858,0.814844,1.11087,8.07977,0,2.66921,7.02749,0.8
1904,632511940,2024-02-27 16:55:12.632511940,1709033112632511940,0,8.02942,0.7416,1.00711,8.06359,0,2.78733,7.00654,0.8
1904,709461240,2024-02-27 16:55:12.709461240,1709033112709461240,0,8.21253,0.283822,1.92267,8.21743,0,2.94236,6.9904,0.8
1904,786618980,2024-02-27 16:55:12.786618980,1709033112786618980,0,8.18506,0.283822,2.6368,8.18998,0,2.99212,6.97889,0.8
1904,861537540,2024-02-27 16:55:12.861537540,1709033112861537540,0,8.0752,0.292978,3.09763,8.08051,0,3.02951,6.96451,0.8
1904,937889380,2024-02-27 16:55:12.937889380,1709033112937889380,0,8.00195,0.347911,2.91147,8.00951,0,3.05751,6.96058,0.8
1905,15069340,2024-02-27 16:55:12.15069340,1709033112015069340,0,7.93786,0.375378,2.5483,7.94673,0,3.07851,6.9475,0.8
1905,89556820,2024-02-27 16:55:13.89556820,1709033113089556820,0,7.89209,0.384533,2.14545,7.90145,0,3.09433,6.93538,0.8
1905,167339120,2024-02-27 16:55:13.167339120,1709033113167339120,0,7.828,0.439467,2.26142,7.84032,0,3.10612,6.91427,0.8
1905,244139160,2024-02-27 16:55:13.244139160,1709033113244139160,0,7.80053,0.430311,2.05695,7.81239,0,3.11494,6.89632,0.8
1905,319073040,2024-02-27 16:55:13.319073040,1709033113319073040,0,7.71813,0.485244,1.58391,7.73337,0,3.12165,6.88283,0.8
1905,392404780,2024-02-27 16:55:13.392404780,1709033113392404780,0,7.69982,0.476089,1.44353,7.71452,0,3.12664,6.87322,0.8
1905,468842660,2024-02-27 16:55:13.468842660,1709033113468842660,0,7.61742,0.549333,1.16886,7.6372,0,3.13038,6.86681,0.8
1905,546232460,2024-02-27 16:55:13.546232460,1709033113546232460,0,7.54418,0.567644,1.01016,7.5655,0,3.13316,6.84941,0.8
1905,621450520,2024-02-27 16:55:13.621450520,1709033113621450520,0,7.46178,0.650044,1.33366,7.49004,0,3.13526,6.84077,0.8
1930,339809560,2024-02-27 16:55:38.339809560,1709033138339809560,0,29.0139,1.79449,1.1536,29.0694,0,-1.89078,3.81786,0.56
1930,416139160,2024-02-27 16:55:38.416139160,1709033138416139160,0,28.9315,1.5656,1.1536,28.9739,0,-1.84275,3.82049,0.56
1930,494167540,2024-02-27 16:55:38.494167540,1709033138494167540,0,28.7393,1.30924,1.24516,28.7691,0,-1.7975,4.08381,0.61
1930,568935460,2024-02-27 16:55:38.568935460,1709033138568935460,0,28.6477,1.79449,1.30924,28.7039,0,-1.77343,4.6753,0.65
1934,40011080,2024-02-27 16:55:42.40011080,1709033142040011080,3,30.2408,-0.238044,1.16581,30.2417,0,0.399039,3.74388,1
1934,114158620,2024-02-27 16:55:42.114158620,1709033142114158620,3,30.2316,-0.238044,2.884,30.2326,0,0.273824,4.01458,1
1934,189125220,2024-02-27 16:55:42.189125220,1709033142189125220,3,30.2683,-0.366222,4.37025,30.2705,0,0.140076,3.99988,1
1934,265127740,2024-02-27 16:55:42.265127740,1709033142265127740,3,30.3323,-0.421155,4.96231,30.3353,0,0.0279001,3.99021,1
1934,339817480,2024-02-27 16:55:42.339817480,1709033142339817480,3,30.3873,-0.210578,5.01419,30.388,0,0.0130392,4.04236,1
1934,414327980,2024-02-27 16:55:42.414327980,1709033142414327980,3,30.4514,-0.0183111,5.31632,30.4514,0,0.0551291,4.02995,1
1934,491069620,2024-02-27 16:55:42.491069620,1709033142491069620,3,30.5429,0.256355,5.66729,30.544,0,0.154745,4.01686,1
1934,565243960,2024-02-27 16:55:42.565243960,1709033142565243960,3,30.5979,0.128178,5.76189,30.5981,0,0.193575,4.75151,1
1934,643798200,2024-02-27 16:55:42.643798200,1709033142643798200,3,30.6528,0.155644,5.71612,30.6532,0,0.224064,4.88632,1
1934,718835840,2024-02-27 16:55:42.718835840,1709033142718835840,3,30.6986,0.0549333,5.31938,30.6986,0,0.22253,4.94744,1
1934,791945480,2024-02-27 16:55:42.791945480,1709033142791945480,3,30.7169,0.201422,5.42009,30.7175,0,0.250622,4.92934,1
1934,865587260,2024-02-27 16:55:42.865587260,1709033142865587260,3,30.8176,0.0732444,4.42213,30.8177,0,0.240555,4.91453,1
1934,941033700,2024-02-27 16:55:42.941033700,1709033142941033700,3,30.8817,0.146489,4.43434,30.882,0,0.249567,4.93472,1
1935,16695340,2024-02-27 16:55:42.16695340,1709033142016695340,3,30.9091,0.128178,4.83413,30.9094,0,0.252923,5.01966,1
1935,90296900,2024-02-27 16:55:43.90296900,1709033143090296900,3,30.9,0.283822,3.51878,30.9013,0,0.28437,5.10969,1
1935,164710140,2024-02-27 16:55:43.164710140,1709033143164710140,3,30.9458,0.439467,3.77209,30.9489,0,0.33624,5.09494,1
1935,238714380,2024-02-27 16:55:43.238714380,1709033143238714380,3,30.9824,0.613422,3.68664,30.9885,0,0.400381,5.07657,1
1935,314065700,2024-02-27 16:55:43.314065700,1709033143314065700,3,31.0282,0.695822,2.08441,31.036,0,0.457716,5.07681,1
1935,392834660,2024-02-27 16:55:43.392834660,1709033143392834660,3,31.0739,0.769066,1.55644,31.0835,0,0.5069,5.05995,1
1935,466683320,2024-02-27 16:55:43.466683320,1709033143466683320,3,31.0831,0.814844,1.52593,31.0938,0,0.545634,5.04608,1
1947,345172240,2024-02-27 16:55:55.345172240,1709033155345172240,0,33.079,-0.0457778,2.77108,33.079,0,1.57084,2.62346,0.8
1947,421013140,2024-02-27 16:55:55.421013140,1709033155421013140,0,33.0424,-0.0274667,4.50758,33.0424,0,1.57084,2.62346,0.8
1947,494437580,2024-02-27 16:55:55.494437580,1709033155494437580,0,33.0149,0,5.98773,33.0149,0,1.57084,2.61849,0.8
1947,569413340,2024-02-27 16:55:55.569413340,1709033155569413340,0,32.9783,0.0183111,7.25425,32.9783,0,1.57084,2.61849,0.8
1947,643948280,2024-02-27 16:55:55.643948280,1709033155643948280,0,32.9325,0.0274667,8.33766,32.9325,0,1.57084,2.61849,0.8
1947,718502320,2024-02-27 16:55:55.718502320,1709033155718502320,0,32.8959,0.00915555,9.26542,32.8959,0,1.57084,2.61849,0.8
1947,797168200,2024-02-27 16:55:55.797168200,1709033155797168200,0,32.8593,0.00915555,10.0558,32.8593,0,1.57084,2.61849,0.8
1947,871321880,2024-02-27 16:55:55.871321880,1709033155871321880,0,32.8227,0.0366222,10.6998,32.8227,0,1.57084,2.61849,0.8
1947,944109700,2024-02-27 16:55:55.944109700,1709033155944109700,0,32.7952,0.0549333,11.243,32.7952,0,1.57084,2.61849,0.8
1948,19286100,2024-02-27 16:55:55.19286100,1709033155019286100,0,32.7586,0.0732444,11.7161,32.7587,0,1.57084,2.61849,0.8
1948,94868380,2024-02-27 16:55:55.94868380,1709033155094868380,0,32.7403,0.0732444,12.1403,32.7403,0,1.57084,2.61849,0.8
1948,175484940,2024-02-27 16:55:56.175484940,1709033156175484940,0,32.7219,0.0915555,12.4882,32.7221,0,1.57084,2.61849,0.8
1948,251276620,2024-02-27 16:55:56.251276620,1709033156251276620,0,32.6945,0.119022,12.7781,32.6947,3,1.57084,2.61849,0.8
1948,324018940,2024-02-27 16:55:56.324018940,1709033156324018940,0,32.6853,0.128178,13.0345,32.6856,3,1.57084,2.61849,0.8
1948,398369900,2024-02-27 16:55:56.398369900,1709033156398369900,0,32.7036,0.100711,13.2694,32.7038,3,1.57084,2.61849,0.8
1948,474621420,2024-02-27 16:55:56.474621420,1709033156474621420,0,32.6853,0.0915555,13.4739,32.6855,3,1.57084,2.61849,0.8
1948,551557340,2024-02-27 16:55:56.551557340,1709033156551557340,0,32.6762,0.0915555,13.6479,32.6763,3,1.57084,2.61849,0.8
1948,625118520,2024-02-27 16:55:56.625118520,1709033156625118520,0,32.6853,0.0732444,13.7974,32.6854,3,1.57084,2.61849,0.8
1948,699279660,2024-02-27 16:55:56.699279660,1709033156699279660,0,32.667,0.0732444,13.9134,32.6671,3,1.57084,2.61849,0.8
1948,774172420,2024-02-27 16:55:56.774172420,1709033156774172420,0,32.6395,0.0640889,14.0233,32.6396,3,1.57084,2.61849,0.8
1948,849480240,2024-02-27 16:55:56.849480240,1709033156849480240,0,32.6304,0.0640889,14.1301,32.6305,3,1.57084,2.61849,0.8
1948,927448800,2024-02-27 16:55:56.927448800,1709033156927448800,0,32.6212,0.0640889,14.2125,32.6213,3,1.57084,2.61849,0.8
1949,1945780,2024-02-27 16:55:56.1945780,1709033156001945780,0,32.5846,0.0366222,11.0294,32.5846,3,1.57084,2.60856,0.8
1949,76274140,2024-02-27 16:55:56.76274140,1709033156076274140,0,32.5663,-0.00915555,8.60012,32.5663,3,1.57084,2.6014,0.8
1949,151495980,2024-02-27 16:55:57.151495980,1709033157151495980,0,32.5114,-0.0183111,6.10981,32.5114,3,1.57084,2.59371,0.8
1949,226036920,2024-02-27 16:55:57.226036920,1709033157226036920,0,32.4564,-0.0640889,4.18409,32.4565,0,1.57084,2.58602,0.8
1949,302443620,2024-02-27 16:55:57.302443620,1709033157302443620,0,32.3923,-0.119022,2.74361,32.3926,0,1.57084,2.58108,0.8
1949,377573740,2024-02-27 16:55:57.377573740,1709033157377573740,0,32.3649,-0.1648,1.60222,32.3653,0,1.57084,2.57122,0.8
1949,451333020,2024-02-27 16:55:57.451333020,1709033157451333020,0,32.3649,-0.155644,3.54015,32.3653,0,1.57084,2.57122,0.8
1949,524918580,2024-02-27 16:55:57.524918580,1709033157524918580,0,32.374,-0.146489,5.19425,32.3744,0,1.57084,2.57122,0.8
1949,600403100,2024-02-27 16:55:57.600403100,1709033157600403100,0,32.3374,-0.119022,6.61336,32.3376,3,1.57084,2.57122,0.8
1949,678030000,2024-02-27 16:55:57.678030000,1709033157678030000,0,32.3466,-0.109867,4.98062,32.3468,3,1.57084,2.56412,0.8
1949,752054120,2024-02-27 16:55:57.752054120,1709033157752054120,0,32.2916,-0.0915555,3.60424,32.2918,3,1.57084,2.5592,0.8
1949,827631160,2024-02-27 16:55:57.827631160,1709033157827631160,0,32.2459,-0.0732444,2.17597,32.2459,3,1.57084,2.55156,0.8
1949,902059520,2024-02-27 16:55:57.902059520,1709033157902059520,0,32.2184,-0.0457778,4.02844,32.2184,3,1.57084,2.55156,0.8
1949,976174400,2024-02-27 16:55:57.976174400,1709033157976174400,0,32.2642,-0.00915555,2.06,32.2642,3,1.57084,2.54666,0.8
1950,55443420,2024-02-27 16:55:57.55443420,1709033157055443420,0,32.2916,0,3.91247,32.2916,3,1.57084,2.54666,0.8
1950,129111100,2024-02-27 16:55:58.129111100,1709033158129111100,0,32.2642,0,5.48418,32.2642,3,1.57084,2.54666,0.8
1950,202278100,2024-02-27 16:55:58.202278100,1709033158202278100,0,32.2916,0,3.21665,32.2916,0,1.57084,2.5739,0.8
1950,278305600,2024-02-27 16:55:58.278305600,1709033158278305600,0,32.3283,0.0457778,1.59612,32.3283,0,1.57084,2.66514,0.8
1950,352751940,2024-02-27 16:55:58.352751940,1709033158352751940,0,32.3374,0.0824,3.50352,32.3375,0,1.57084,2.66288,0.8
1950,427544900,2024-02-27 16:55:58.427544900,1709033158427544900,0,32.3374,0.137333,5.10575,32.3377,0,1.57084,2.66288,0.8
1950,502725940,2024-02-27 16:55:58.502725940,1709033158502725940,0,32.3008,0.155644,6.47603,32.3012,0,1.57084,2.66789,0.8
1950,575816520,2024-02-27 16:55:58.575816520,1709033158575816520,0,32.2642,0.183111,4.65712,32.2647,0,1.57084,2.65563,0.8
1950,650148940,2024-02-27 16:55:58.650148940,1709033158650148940,0,32.2916,0.274667,3.15256,32.2928,0,1.57084,3.07206,0.8
1950,726559080,2024-02-27 16:55:58.726559080,1709033158726559080,0,32.2367,0.302133,1.78533,32.2381,0,1.57084,3.06671,0.8
2152,99016820,2024-02-27 16:59:19.99016820,1709033359099016820,1,36.5215,1.47404,3.41197,36.5512,0,-1.95665,10.1291,0.93
2152,174217600,2024-02-27 16:59:19.174217600,1709033359174217600,1,36.5307,1.1536,3.41197,36.5489,0,-1.85349,10.1206,0.93
2152,250895060,2024-02-27 16:59:19.250895060,1709033359250895060,1,36.5673,0.888089,3.8667,36.5781,0,-1.76969,10.1331,0.97
2152,327306700,2024-02-27 16:59:20.327306700,1709033360327306700,1,36.5856,0.540178,3.8667,36.5896,0,-1.70229,10.1301,0.97
2152,401453880,2024-02-27 16:59:20.401453880,1709033360401453880,1,36.6131,0.173956,3.8667,36.6135,0,-1.64803,10.125,0.88
2152,475798240,2024-02-27 16:59:20.475798240,1709033360475798240,1,36.6497,-0.210578,3.8667,36.6503,0,-1.60373,10.1336,0.83
2152,551342120,2024-02-27 16:59:20.551342120,1709033360551342120,1,36.6955,-0.631733,3.8667,36.7009,0,-1.56768,10.1265,0.81
2152,627774900,2024-02-27 16:59:20.627774900,1709033360627774900,1,36.7504,-1.0712,3.8667,36.766,0,-1.53805,10.1333,0.77
2152,702409440,2024-02-27 16:59:20.702409440,1709033360702409440,1,36.8053,-1.51982,3.8667,36.8367,0,-1.51361,10.1319,0.76
2157,583659020,2024-02-27 16:59:25.583659020,1709033365583659020,4,34.4523,1.77618,3.8667,34.4981,0,-3.08809,7.96438,0.88
2157,657349120,2024-02-27 16:59:25.657349120,1709033365657349120,4,34.2875,1.1536,2.95419,34.3069,0,-2.83028,8.33936,0.94
2157,733094900,2024-02-27 16:59:25.733094900,1709033365733094900,4,34.1502,0.9064,2.29804,34.1622,0,-2.63958,8.74972,0.97
2157,807806040,2024-02-27 16:59:25.807806040,1709033365807806040,4,33.8572,0.5768,2.19428,33.8621,0,-2.49922,9.12345,0.99
2157,883730640,2024-02-27 16:59:25.883730640,1709033365883730640,4,33.5917,0.292978,2.34382,33.593,0,-2.39855,9.50432,1
2157,959792340,2024-02-27 16:59:25.959792340,1709033365959792340,4,33.2713,0.430311,1.68157,33.2741,0,-2.3509,9.50085,1
